X,Y,Z
3.596317,-4.594165,-1.311986
-0.695317,0.886365,0.501673
0.12034,-0.242361,0.001833
0.081092,-0.064904,-0.002138
0.025045,0.087354,0.009163
-0.006872,0.098044,0.01573
-0.030696,0.091019,0.008858
-0.041081,0.062308,0.006109
-0.041539,0.014508,-0.007941
-0.038026,-0.034056,-0.025962
-0.031918,-0.065363,-0.038943
-0.025809,-0.099571,-0.040012
-0.025198,-0.104458,-0.025198
0.00336,-0.103236,-0.017257
0.020006,-0.095295,-0.017562
0.037721,-0.088881,-0.014966
0.016341,-0.032834,-0.007941
0.047495,-0.05849,-0.020617
0.068111,-0.036194,-0.03146
0.067806,-0.00168,-0.034972
0.074373,0.002596,-0.037568
0.079565,-0.023976,-0.025962
0.082467,-0.050244,-0.01741
0.07758,-0.066279,-0.013439
0.067042,-0.080176,-0.006109
0.057879,-0.078802,0.00336
0.060323,-0.02642,0.010537
0.071624,0.057574,0.015577
0.084147,0.152105,0.021228
0.091935,0.217468,0.02306
0.094684,0.225409,0.020922
0.09499,0.172875,0.035736
0.077122,0.092546,0.05284
0.072846,0.043524,0.054214
0.071166,0.026878,0.055131
0.079718,0.064752,0.037568
0.078649,0.085979,0.022297
0.07422,0.084605,0.011759
0.066737,0.043982,0.015272
0.067653,-0.007025,0.022755
0.078343,-0.039095,0.027336
0.085368,-0.019853,0.029016
0.082314,-0.010996,0.024129
0.063988,-0.015272,0.015424
0.046884,-0.021838,-0.001069
0.038179,-0.022449,-0.023213
0.030849,-0.004734,-0.018021
0.016035,0.022907,-0.006414
0.002749,0.065057,0.007025
-0.023824,0.107207,-0.006414
-0.047189,0.112857,-0.013592
-0.066126,0.069333,-0.019548
-0.079412,-0.00504,-0.021533
-0.062156,-0.076664,-0.005651
-0.025045,-0.094379,0.00504
0.013286,-0.08659,0.009927
0.035277,-0.070402,0.019548
0.067806,-0.039554,0.0281
0.107665,0.001222,0.028405
0.139277,0.03207,0.028558
0.150273,0.040164,0.043677
0.162337,0.046731,0.048869
0.149051,0.014661,0.039706
0.1321,-0.022602,0.023671
0.08659,-0.047037,0.020159
0.041386,-0.04948,0.003818
0.024587,-0.040775,-0.012981
0.000458,-0.028558,-0.016341
-0.018326,-0.023671,-0.024282
-0.042761,-0.037721,-0.014355
-0.047037,-0.031001,-0.016493
-0.028253,-0.036194,-0.029627
-0.010232,-0.017104,-0.023213
0.022602,0.008247,-0.01909
0.026878,0.018021,-0.011301
0.032681,0.027031,-0.005498
0.028711,0.027336,-0.00672
0.011912,0.021075,-0.014813
-0.003054,0.023976,-0.023671
-0.017257,0.020464,-0.026114
-0.021228,0.011301,-0.019395
-0.026878,0.005803,-0.013592
-0.032834,0.018021,-0.019395
-0.048869,0.038332,-0.021686
-0.069639,0.05681,-0.029474
-0.079107,0.049633,-0.032834
-0.086285,0.0281,-0.046884
-0.088423,-0.010385,-0.045968
-0.090255,-0.032529,-0.036346
-0.083536,-0.04047,-0.025962
-0.064446,0.018479,-0.026878
-0.01909,0.076205,-0.027184
0.020159,0.078343,-0.026114
0.047495,0.064141,-0.010079
0.084299,0.047647,-0.007178
0.112094,0.049022,-0.03207
0.101709,0.036652,-0.024587
0.073151,0.031765,-0.016035
0.05284,0.0281,-0.018173
0.015424,0.018631,-0.023213
-0.015119,-0.004581,-0.028863
-0.041386,-0.029932,-0.029169
-0.058032,-0.040012,-0.019853
-0.052382,-0.05284,0.00901
-0.061392,-0.021228,-0.026267
-0.050244,-0.015424,-0.022907
-0.038332,-0.042302,-0.016341
-0.025504,-0.067195,-0.010232
-0.013897,-0.080176,-0.011912
0.005803,-0.06857,-0.018479
0.015577,-0.039706,-0.011148
0.023518,-0.017562,-0.006414
0.023671,-0.02306,0.002749
0.015272,-0.007636,0.002443
0.014203,0.00733,0.005956
0.000458,0.030543,-0.004123
-0.018173,0.039095,-0.014508
-0.021838,0.025809,-0.022907
-0.019853,0.000916,-0.022144
-0.02138,-0.035736,-0.014203
-0.032987,-0.048258,-0.010232
-0.015882,-0.078802,0.002596
-0.010843,-0.075747,0.003054
-0.000764,-0.03543,-0.005498
0.005651,0.002291,-0.003665
0.026573,0.018631,-0.00733
0.031154,0.014661,-0.000764
0.035736,0.000305,0.002443
0.028863,-0.039554,-0.004123
0.016952,-0.070402,0.000305
0.000153,-0.064141,-0.038026
-0.004276,-0.024893,-0.011912
-0.025809,-0.002291,-0.010537
-0.041997,-0.021686,-0.020922
-0.039859,-0.051771,-0.021533
-0.034972,-0.084605,-0.033139
-0.029932,-0.11133,-0.029474
-0.029322,-0.112399,-0.020006
-0.036346,-0.089492,-0.014813
-0.056047,-0.056352,-0.014813
-0.086743,-0.02138,-0.022602
-0.103084,-0.007178,-0.026725
-0.112857,-0.001527,-0.049938
-0.108123,-0.027489,-0.032376
-0.103389,-0.046884,-0.021838
-0.083536,-0.034056,-0.0197
-0.040623,-0.020464,-0.002749
0.001374,0.011148,0.01237
0.044593,0.042913,0.013286
0.064294,0.108581,0.051618
0.090866,0.0478,0.018021
0.072693,0.058032,0.025809
0.069028,0.034514,0.010537
0.034056,0.030849,0.00672
0.003207,0.019853,-0.001985
-0.012065,0.007025,-0.012523
-0.024893,-0.038332,-0.005956
-0.022297,-0.071471,-0.004734
-0.020159,-0.102931,0.0
-0.010385,-0.091782,-0.001069
-0.013286,-0.059865,-0.006109
-0.008094,-0.022297,-0.00504
0.004581,0.006567,-0.007178
0.008399,0.030543,-0.009163
0.005651,0.017715,-0.004276
-0.000611,0.012065,-0.003512
-0.005345,0.02306,-0.00504
-0.006872,0.036499,-0.004123
-0.010843,0.04444,-0.010079
-0.011606,0.042761,-0.009774
-0.009774,0.044899,-0.015882
-0.018631,0.041844,-0.010996
-0.008399,0.033903,-0.010537
0.000764,0.016799,-0.015424
-0.006414,0.002596,-0.011912
-0.019548,-0.002596,-0.01069
-0.031001,-0.013439,-0.01909
-0.032834,-0.035125,-0.0197
-0.02642,-0.033598,-0.017257
0.000611,-0.016493,-0.008552
0.029322,0.006414,0.001374
0.049786,0.019853,0.006261
0.057574,0.017715,0.004887
0.039401,0.013286,0.003665
0.028863,0.003207,-0.004887
0.018937,0.013286,-0.006567
0.006261,0.013897,-0.011606
0.005498,0.015882,-0.00733
-0.003054,0.017868,-0.014661
-0.001069,0.012217,-0.015119
0.000458,0.023824,-0.018326
0.004123,0.008094,-0.012981
0.011759,-0.01237,-0.013134
0.020464,-0.03146,-0.009621
0.031001,-0.034514,-0.000305
0.048564,0.003818,0.000916
0.052229,0.017715,0.001527
0.058185,0.043066,0.001222
0.049938,0.06353,-0.010079
0.027031,0.04047,-0.014355
0.008858,0.003512,-0.018326
-0.010079,-0.030085,-0.013744
-0.024893,-0.053451,-0.014813
-0.036652,-0.063377,-0.01573
-0.032376,-0.068417,-0.01405
-0.034056,-0.047647,-0.013134
-0.030085,-0.018631,-0.013592
-0.023671,0.028253,-0.012828
-0.015424,0.067501,-0.014355
-0.007941,0.09728,-0.014355
-0.005803,0.088423,-0.006109
-0.000611,0.068417,-0.000458
0.007636,0.033903,0.008552
0.013744,0.02306,0.010385
0.020159,0.033292,0.007636
0.023976,0.056963,0.007483
0.022144,0.062614,0.008552
0.016952,0.057269,0.006109
0.007941,0.039859,0.005956
0.00168,0.005956,-0.001374
-0.016493,-0.043677,0.000916
-0.017715,-0.051771,-0.00504
-0.028711,-0.054214,0.006261
-0.00901,0.000458,0.002902
0.005345,0.05116,0.006414
0.002138,0.083689,0.002902
0.001069,0.084299,0.01069
-0.009621,0.078343,0.004429
-0.013286,0.066737,0.005345
-0.013134,0.04948,0.005651
-0.016952,0.041997,0.002596
-0.007789,0.02138,0.000764
0.001069,0.018173,0.000458
0.010996,0.034972,0.002443
0.02306,0.038026,0.00168
0.011606,0.032987,-0.001069
0.011454,0.015882,-0.002443
0.012675,0.001985,-0.000153
0.010385,-0.024893,0.01237
0.009774,-0.020006,0.013286
0.015272,-0.002291,0.011606
0.015882,0.006109,0.000611
0.018631,0.021533,0.00168
0.019548,0.029627,0.000764
0.020464,0.025962,0.007025
0.032681,0.023976,0.007636
0.029322,0.005803,0.006109
0.016341,-0.016341,0.006109
0.012523,-0.008858,0.007483
0.009621,0.010385,0.003665
0.012065,0.046273,-0.005651
-0.00336,0.041233,0.007178
-0.00504,0.045968,-0.004276
-0.016952,0.032376,-0.008247
-0.024282,0.016646,-0.006872
-0.037415,0.009774,-0.005345
-0.03711,0.011301,0.002749
-0.03711,0.028253,-0.001069
-0.032529,0.040775,-0.000458
-0.033445,0.038485,0.002291
-0.025351,0.031918,0.003512
-0.016646,0.041233,0.009927
-0.009468,0.058643,0.010232
-0.000153,0.050244,0.011301
-0.001833,0.0197,0.007789
0.005956,-0.009774,0.016493
0.013897,-0.022297,0.01237
0.019395,-0.016799,0.016493
0.030085,0.002291,0.020464
0.014661,0.013134,0.013439
0.001069,0.008094,0.02138
-0.012065,0.014508,0.020006
-0.028863,0.013286,0.01573
-0.029322,0.023213,0.012065
-0.032681,0.015272,0.009621
-0.031612,0.015577,0.009316
-0.020769,0.016952,0.007178
-0.011301,0.024893,0.002596
-0.005498,0.018173,0.012217
0.004887,0.024893,0.013439
0.011606,0.032529,0.014813
0.017868,0.037263,0.009316
0.014508,0.042608,0.011301
0.010232,0.051007,0.005803
0.003971,0.050091,0.00336
-0.010079,0.017868,0.01405
-0.016646,0.003054,0.013592
-0.026114,-0.00733,0.004276
-0.027794,-0.002291,-0.011301
-0.035736,-0.015577,-0.012065
-0.033292,-0.00336,-0.004276
-0.022449,0.020006,-0.003818
-0.009621,0.024435,0.004429
0.006261,0.024282,0.00504
0.016035,0.023518,0.000611
0.014813,0.023824,0.003054
0.014966,0.007789,0.000916
0.008094,0.001985,0.003207
0.015272,-0.002443,0.004734
0.015882,-0.006414,0.000305
0.016035,-0.024282,-0.009774
0.009468,-0.034972,-0.02306
-0.006261,-0.076969,-0.006414
-0.000305,-0.0281,-0.003512
0.007789,-0.002902,-0.003818
0.015272,0.041539,-0.011606
0.004276,0.043219,-0.005345
-0.01069,0.024282,-0.005651
-0.014813,-0.006414,-0.002443
-0.006414,-0.025045,0.0
0.00901,-0.023671,0.015577
0.034056,-0.008094,0.029474
0.054214,-0.001069,0.049022
0.078802,0.051924,0.028558
0.084605,0.099266,0.017562
0.078954,0.130878,0.013439
0.074984,0.13775,0.016799
0.073457,0.148593,-0.001069
0.069944,0.126449,-0.000611
0.053145,0.068722,0.019548
0.015577,0.031918,-0.001222
-0.007483,0.004734,-0.006414
-0.037415,-0.009774,-0.010996
-0.045662,-0.00733,-0.01573
-0.047953,0.020311,-0.017104
-0.040775,0.060018,-0.022755
-0.034514,0.072998,-0.017868
-0.016188,0.052382,-0.007178
-0.000916,0.003818,0.000458
0.010079,-0.050549,0.009468
0.013439,-0.036957,0.019242
0.021991,0.01573,0.01069
0.020617,0.062156,0.007789
0.012523,0.071624,0.001985
0.003207,0.050549,-0.006109
-0.006261,0.013286,-0.009316
-0.019548,0.005803,-0.007789
-0.033139,0.017715,-0.010843
-0.045357,0.024282,-0.013897
-0.048869,0.027184,-0.012828
-0.054978,0.027794,-0.012675
-0.045815,0.036346,-0.011606
-0.038943,0.034972,-0.009927
-0.019548,0.016341,-0.00336
-0.009468,0.007178,0.000153
0.015424,0.007789,0.003971
0.032223,-0.008399,0.003207
0.030238,-0.012675,0.008858
0.036957,-0.015424,0.014813
0.052229,-0.013439,0.010537
0.045662,-0.009774,0.006567
0.024129,-0.029169,0.000305
0.006567,-0.060628,-0.005651
-0.009468,-0.072998,-0.003971
0.002443,-0.057727,0.001527
0.023366,0.007483,0.008705
0.054062,0.074067,0.011759
0.052229,0.089644,0.017562
0.043066,0.087048,0.009316
0.03375,0.059254,0.001069
0.016188,0.027489,-0.001527
0.013134,0.006261,-0.006109
0.005345,-0.01237,-0.009468
0.0,-0.029322,-0.007789
-0.004887,-0.024435,-0.01237
0.003818,-0.008247,-0.013592
0.009774,-0.000305,-0.011148
0.027489,0.01909,-0.012828
0.03146,0.025809,-0.014661
0.032681,0.001374,-0.007025
0.078038,-0.000153,-0.01069
0.036041,-0.003054,-0.006109
0.034361,0.001985,-0.005651
0.028558,0.002443,-0.005803
0.020006,0.000305,-0.002596
0.018784,-0.012981,-0.00504
0.016035,-0.032376,-0.00672
0.010385,-0.052229,-0.004581
0.014508,-0.061392,-0.013286
0.007483,-0.052687,-0.007178
0.013439,-0.039248,-0.006414
0.011301,-0.006414,-0.003971
0.025962,0.015272,0.002138
0.026267,0.010537,-0.000305
0.018173,0.006414,-0.005498
0.012981,0.008552,-0.016341
0.023824,0.001222,-0.007789
0.02474,-0.000611,-0.001374
0.036346,0.004581,-0.000458
0.040164,-0.001222,-0.004123
0.030849,-0.036805,-0.00733
0.032987,-0.06689,-0.005956
0.027184,-0.085827,-0.003971
0.024435,-0.082467,-0.009468
0.039554,-0.058643,-0.006414
0.038332,-0.036652,-0.014355
0.021838,-0.031307,-0.018326
-0.00504,-0.063072,-0.009316
-0.018631,-0.085368,-0.012065
-0.011606,-0.073762,-0.020922
0.000458,-0.048106,-0.027184
0.005803,-0.02978,-0.026573
-0.002596,-0.034972,-0.015882
-0.015272,-0.020006,-0.013897
-0.024587,0.023213,-0.016035
-0.033598,0.046731,-0.022297
-0.031154,0.049786,-0.022907
-0.029627,0.041539,-0.015577
-0.014661,0.021533,-0.00901
-0.00168,-0.004734,0.000153
0.010996,-0.02642,0.002596
0.016646,-0.041233,0.012675
0.029016,-0.039095,0.01741
0.038485,-0.025045,0.021075
0.048106,-0.009927,0.013897
0.046731,-0.016035,0.011454
0.046273,-0.033292,0.009927
0.045968,-0.050702,0.01405
0.048869,-0.046273,0.011148
0.054825,-0.036194,0.002902
0.059101,-0.044746,0.005498
0.05849,-0.049327,0.006109
0.055131,-0.03879,0.007789
0.054978,-0.009621,0.004429
0.043677,-0.003818,0.001374
0.035888,-0.006567,0.002902
0.018479,-0.029932,-0.000764
0.003054,-0.069028,-0.005345
-0.017715,-0.100945,-0.011912
-0.02642,-0.116828,0.000458
-0.033903,-0.059254,0.032529
-0.043371,-0.075289,0.017868
-0.057269,-0.092852,-0.014813
-0.045357,-0.056505,-0.029169
-0.029016,-0.02474,-0.031001
0.004276,0.010079,-0.02642
0.026267,0.031307,-0.007178
0.076511,0.045357,-0.007789
0.057421,0.03146,-0.005803
0.057727,0.004734,-0.010843
0.048106,-0.027947,0.006567
0.031612,-0.031612,0.001985
0.01741,-0.035583,-0.000764
0.000153,-0.03711,-0.015272
-0.018479,-0.037568,-0.02474
-0.008705,-0.019242,-0.030238
-0.000611,-0.005803,-0.022449
-0.008858,0.000764,-0.013286
-0.018631,0.027947,-0.031154
-0.019395,0.087201,-0.056505
-0.009163,0.081856,-0.061087
0.01237,0.045968,-0.029016
0.038943,0.034819,-0.012675
0.055131,0.053756,0.008858
0.069639,0.074831,0.013439
0.08995,0.091019,0.017562
0.08827,0.097433,0.013439
0.071013,0.070402,0.02138
0.052076,0.020922,0.01573
0.040012,0.015882,0.014355
0.035277,0.025656,0.002902
0.041233,0.028863,0.008247
0.047189,0.035888,0.014813
0.042455,0.043524,0.007636
0.033903,0.038332,0.003512
0.016341,0.036805,-0.001527
0.007636,0.045509,-0.003512
-0.00901,0.045357,-0.004123
-0.020006,0.041386,-0.004581
-0.024282,0.038485,-0.011606
-0.020922,0.036805,-0.01573
-0.03146,0.020617,-0.014966
-0.038943,0.015272,-0.017257
-0.036346,0.008399,-0.029322
-0.029016,-0.012523,-0.020006
-0.020617,-0.029627,-0.005956
-0.00672,-0.008247,-0.015272
0.021075,0.037721,-0.025962
0.037721,0.060476,-0.030238
0.050244,0.060934,-0.046884
0.048564,0.055894,-0.045357
0.047647,0.041539,-0.040164
0.041844,0.032987,-0.031765
0.031765,0.025198,-0.026114
0.016188,0.01237,-0.03146
0.006567,-0.015272,-0.035277
-0.002291,0.002138,-0.066126
-0.028558,-0.007789,-0.061392
-0.022297,-0.000458,-0.049633
0.00901,0.0478,-0.040164
0.041692,0.050549,-0.018784
0.062156,0.065668,-0.017257
0.067348,0.065668,-0.01573
0.048106,0.059254,-0.01741
0.021228,0.05116,-0.018937
0.001985,0.02978,-0.013439
-0.008858,0.000916,-0.010385
-0.015882,-0.022907,-0.022144
-0.01909,-0.033598,-0.019853
-0.023518,-0.02138,-0.022907
-0.015882,0.016493,-0.020617
-0.00504,0.046578,-0.028711
0.001222,0.036957,-0.020311
0.018937,0.02474,-0.015577
0.013134,0.018937,-0.008399
0.016799,0.01741,-0.005803
0.010232,0.01573,-0.003207
-0.005803,0.006567,-0.010996
-0.014661,-0.008552,-0.017562
-0.015272,-0.030543,-0.023366
-0.008399,-0.034056,-0.017868
-0.006261,-0.030543,-0.010843
0.006872,-0.019548,-0.005803
0.020311,-0.028405,0.000305
0.026114,-0.026725,0.004123
0.022907,-0.006261,0.001374
0.026114,0.027336,-0.010843
0.016341,0.052993,-0.010079
0.009316,0.05849,-0.008858
-0.002291,0.035736,-0.009316
-0.013286,0.002596,-0.013439
-0.016493,-0.011759,-0.011759
-0.00901,-0.010232,-0.001833
0.002749,0.002902,-0.008705
0.002443,0.005192,-0.00336
0.018937,0.012981,-0.005345
0.027184,0.015272,-0.012217
0.012065,0.001527,-0.021075
-0.003512,-0.038179,-0.017104
-0.010996,-0.061545,-0.011759
-0.015882,-0.05681,-0.013439
-0.009774,-0.045815,-0.012217
-0.008705,-0.021838,-0.006567
-0.012981,0.002443,-0.017868
-0.021838,0.005192,-0.032529
-0.036652,0.004276,-0.029932
-0.043219,0.0197,-0.034972
-0.034972,0.035583,-0.03711
-0.026573,0.03879,-0.035583
-0.008705,0.025351,-0.029169
-0.009468,-0.007941,-0.020159
-0.006872,-0.029016,-0.010537
-0.002596,-0.025045,-0.013439
-0.002902,-0.007483,-0.01405
-0.007789,0.004734,-0.020464
-0.003207,0.020769,-0.021228
0.002749,0.018479,-0.0197
0.009927,0.014966,-0.012523
0.016493,0.007025,-0.00504
0.018479,0.002596,-0.000916
0.031918,0.010537,-0.002138
0.034972,0.009774,-0.006261
0.024587,-0.003818,-0.007789
0.028558,-0.027031,-0.006109
0.012828,-0.037415,-0.006567
0.009621,-0.026573,-0.014508
0.017562,-0.018937,-0.023213
0.008247,-0.029322,-0.0197
0.007636,-0.054672,-0.016952
0.002749,-0.062308,-0.014508
0.001833,-0.048106,-0.00733
0.005651,-0.00672,-0.007789
0.003207,0.021991,-0.007636
0.005956,0.036346,-0.014203
0.001374,0.030238,-0.016188
4.463898,-3.446654,-4.301407
0.251524,-0.659734,-0.015577
0.05452,-0.310167,-0.085979
0.026267,-0.186008,-0.062156
-0.023366,-0.003054,-0.038026
-0.030543,0.00336,-0.04948
-0.025504,-0.01573,-0.060781
-0.009316,-0.043982,-0.074984
-0.018326,0.009163,-0.078038
-0.06017,0.080481,-0.056047
-0.058185,0.074678,-0.055131
-0.04047,0.048258,-0.040775
-0.021838,0.050855,-0.014813
-0.02138,0.064599,-0.00504
-0.014355,0.033598,-0.00733
-0.02474,0.003512,-0.022144
-0.036041,0.029932,-0.004581
-0.026267,0.003207,-0.01237
-0.027489,-0.050396,-0.020617
-0.035583,-0.076816,-0.019395
-0.051465,-0.053756,-0.021686
-0.057116,-0.054062,-0.014813
-0.060323,-0.04444,-0.025045
-0.048869,-0.033139,-0.01573
-0.041539,-0.014661,-0.009316
-0.025809,0.008247,-0.010079
-0.006109,-0.022297,-0.013897
0.007178,-0.045662,-0.028711
0.008247,-0.036499,-0.03711
0.007941,-0.032681,-0.035888
-0.000916,-0.043066,-0.046884
-0.006872,-0.058032,-0.0562
-0.020922,-0.071319,-0.078496
-0.029169,-0.078649,-0.098655
-0.029322,-0.046731,-0.092241
-0.040164,-0.026267,-0.051924
-0.042761,-0.011301,-0.028711
-0.033903,-0.005956,-0.034819
-0.035888,-0.000458,-0.033445
-0.047189,0.01741,-0.02306
-0.03207,0.01069,-0.004734
-0.016952,-0.001374,-0.004581
-0.018479,-0.006567,-0.003054
-0.014508,-0.024129,-0.010232
-0.019853,-0.040928,-0.008705
-0.018784,-0.043677,-0.00336
-0.010843,-0.034361,-0.007941
-0.016341,-0.022907,-0.008247
-0.023213,0.002138,-0.001069
-0.016646,0.006109,-0.009927
-0.004887,0.002138,-0.015272
-0.009774,0.020922,-0.011301
-0.009316,0.03879,-0.005803
0.008552,0.028863,0.000916
0.016188,0.023671,-0.008094
0.010079,0.035125,-0.006414
-0.000153,0.067959,0.0
-0.001374,0.078191,0.001222
0.008399,0.059101,-0.009774
0.008552,0.04047,-0.006261
0.009927,0.031154,-0.009316
0.010996,0.012217,-0.008705
0.017104,0.008858,-0.011606
0.013439,0.006261,-0.011759
0.014508,0.011759,-0.01237
0.018784,0.007789,-0.014203
0.019242,-0.008705,-0.005803
0.02138,-0.009621,-0.00733
0.027184,-0.013897,-0.005345
0.030696,-0.01069,-0.00336
0.016493,-0.000458,-0.002138
-0.001833,0.007636,0.000153
-0.003818,0.001222,-0.007483
0.008399,0.004734,-0.008858
0.013439,0.013897,-0.005345
0.018631,0.04047,-0.000153
0.027794,0.048869,0.003207
0.038943,0.046426,0.003207
0.041081,0.038332,0.007789
0.046273,0.032834,0.001833
0.043677,0.040623,0.005498
0.039095,0.05452,0.003665
0.041539,0.031612,0.007178
0.044899,0.016493,0.003665
0.041539,0.024435,0.009621
0.045204,0.032834,0.006567
0.04948,0.026267,0.005956
0.04383,0.014355,0.005956
0.033598,-0.001985,-0.003512
0.016493,-0.019548,-0.006414
0.009316,-0.018937,-0.004123
0.008552,-0.029016,-0.009316
-0.001069,-0.040775,-0.00901
-0.01237,-0.016646,0.000916
-0.014355,0.002291,0.006567
-0.006567,0.005651,0.00168
-0.003512,0.016952,0.005956
0.009774,0.016952,0.009163
0.012217,0.006567,0.007178
0.010996,0.00901,0.008705
0.00336,0.020006,0.015882
0.002138,0.034361,0.019548
-0.00901,0.040928,0.016188
-0.008552,0.028253,0.005956
-0.001985,0.018021,-0.000916
-0.011606,0.00733,0.001222
-0.01405,-0.000611,-0.000764
-0.012828,-0.017257,-0.002443
-0.008705,-0.008399,-0.003512
-0.017104,-0.003971,0.008094
-0.011606,-0.004276,0.007025
-0.007025,-0.002291,0.00733
-0.018631,0.011454,0.00672
-0.020464,0.008552,0.006261
-0.019395,0.005345,0.001222
-0.017562,-0.005192,0.000611
-0.015577,-0.017868,0.000153
-0.016493,-0.026878,-0.00168
-0.017868,-0.019548,-0.001527
-0.018173,-0.004276,-0.009621
-0.020617,0.020922,-0.008094
-0.018631,0.023518,-0.008094
-0.011912,0.018784,-0.00733
-0.008399,-0.003054,-0.005498
-0.006109,-0.015882,-0.004581
-0.002443,-0.021228,-0.007789
-0.007025,-0.016952,-0.003971
-0.011148,-0.003512,-0.006109
-0.022907,0.011606,0.002749
-0.023824,0.036805,-0.002749
-0.021838,0.049022,-0.000764
-0.012675,0.04948,0.002443
-0.005192,0.029474,0.003207
-0.003971,-0.01069,0.00168
-0.004887,-0.036499,-0.006261
-0.010385,-0.036652,-0.01069
-0.006414,-0.01741,-0.014813
-0.015424,0.012217,-0.01069
-0.023366,0.034361,-0.008858
-0.016341,0.032223,-0.008705
-0.002596,0.011606,-0.016035
0.001222,0.011148,-0.009621
0.016952,0.009927,-0.006261
0.023518,-0.004276,-0.011301
0.023671,-0.004581,-0.006109
0.01573,0.001222,-0.008705
0.017104,0.01573,-0.006261
0.020464,0.007025,-0.008247
0.018631,-0.003971,-0.005956
0.005956,-0.001833,-0.005651
0.003665,-0.011148,-0.009163
0.001833,-0.008858,-0.011912
0.004429,0.000305,-0.010232
0.006109,0.002902,-0.008858
0.008552,0.013439,-0.007941
0.015272,0.01405,-0.011759
0.01573,0.007789,-0.007178
0.020464,0.004734,-0.00733
0.016952,-0.001833,-0.005345
0.016341,0.007025,-0.010232
0.017715,0.008552,-0.009163
0.013744,0.004734,-0.008705
0.012523,0.03879,-0.011606
0.018937,0.004887,-0.007789
0.02138,0.010232,-0.010537
0.010996,-0.003665,-0.009163
0.00504,0.011454,-0.008858
0.000764,0.009163,-0.007178
0.001527,-0.002138,-0.003665
0.00336,-0.00901,-0.00733
0.012217,-0.026267,-0.001833
0.007941,-0.029932,-0.007178
0.004276,-0.012217,-0.005498
-0.003818,0.014508,-0.002291
-0.006872,0.011148,-0.008247
-0.002596,0.013439,-0.015882
-0.00336,0.038026,-0.004429
0.001527,0.04612,-0.010537
0.016952,0.049022,-0.005651
0.01405,0.060018,0.00336
0.013439,0.015272,-0.002138
0.002596,-0.025045,-0.016799
0.002291,-0.016188,-0.020464
-0.016341,0.029322,-0.005956
-0.019548,0.055283,-0.000153
-0.013134,0.042608,-0.008858
-0.002443,0.016188,-0.017104
0.000153,0.011759,-0.016952
0.015272,0.006414,-0.007178
0.023976,0.009774,-0.004887
0.034667,-0.016646,-0.00672
0.021075,-0.018173,-0.012828
0.00901,0.007941,-0.012065
-0.004581,0.02306,-0.005498
-0.004581,0.020769,-0.006414
-0.003818,-0.001374,-0.010385
-0.009774,-0.005192,-0.01909
-0.010079,-0.01741,-0.015119
-0.007941,-0.012065,-0.011301
-0.007483,-0.005192,-0.013744
0.002291,-0.007789,-0.01741
0.010843,-0.004123,-0.014355
0.016035,-0.002138,-0.006872
0.023518,-0.021075,-0.011912
0.020769,-0.026267,-0.018937
0.017715,-0.027336,-0.020159
0.014355,-0.023671,-0.020769
0.002596,-0.005498,-0.007483
0.00168,0.007483,-0.010232
-0.000458,0.012675,-0.007636
0.004123,0.005803,-0.015577
-0.002291,0.006414,-0.020922
0.00336,0.003971,-0.020769
0.013286,-0.016188,-0.019548
0.025504,-0.020922,-0.017562
0.021991,-0.027184,-0.018173
0.016493,-0.019242,-0.017868
0.011301,-0.009316,-0.016341
0.01237,0.008552,-0.011759
0.000764,0.028558,-0.006567
-0.002902,0.031612,-0.005803
-0.005803,0.022907,-0.01069
-0.012523,0.017104,-0.007941
-0.010232,-0.011454,-0.016035
-0.00336,-0.021228,-0.018021
-0.002596,-0.007941,-0.015577
-0.013134,0.013592,-0.011301
0.005651,0.020006,-0.00504
0.015577,0.036652,-0.008399
0.012981,0.020159,-0.00733
0.019548,-0.00336,-0.00901
0.011454,-0.011454,-0.007636
0.004123,-0.014661,-0.016188
0.001985,0.036194,-0.019548
-0.010385,0.022907,-0.020922
-0.015424,0.033598,-0.015119
-0.011301,0.02306,-0.016341
-0.000305,0.022907,-0.011759
0.007178,0.022755,-0.008399
0.022297,-0.001833,-0.005651
0.028711,-0.018479,-0.014203
0.029169,-0.00672,-0.013897
0.022297,0.001374,-0.009316
0.014355,0.011301,-0.008247
0.004581,0.02306,-0.007789
-0.003207,0.022755,-0.007941
-0.00504,0.020464,-0.013897
-0.005956,0.015272,-0.018326
-0.001985,0.017104,-0.016341
0.000611,0.028253,-0.010537
0.010996,0.026725,-0.011606
0.021075,0.022144,-0.011759
0.031612,0.013744,-0.009774
0.044135,0.002443,-0.018631
0.086132,0.027642,-0.024893
0.108734,-0.020311,-0.034667
0.096975,0.019853,-0.009774
0.068417,0.013134,-0.010537
0.036041,0.009774,-0.015272
0.003971,0.002902,-0.008552
-0.012065,-0.011912,-0.003512
-0.025504,-0.044746,-0.010843
-0.04047,-0.067806,-0.006567
-0.05284,-0.068722,0.001374
-0.052534,-0.042608,0.007789
-0.049175,-0.048106,0.008399
-0.048106,-0.050855,0.00672
-0.043219,-0.03543,0.011912
-0.041233,-0.020311,0.015577
-0.03146,-0.011301,0.008858
-0.02474,0.005192,0.00336
-0.019548,0.02642,-0.002291
-0.020311,0.056505,0.002291
-0.018937,0.081551,0.002291
-0.005345,0.062766,0.002902
0.01405,0.036041,0.000916
0.024435,0.00672,-0.00901
0.025656,0.00672,-0.010232
0.029016,0.034819,-0.007483
0.050549,0.054672,0.001527
0.056963,0.05849,-0.007178
0.064904,0.037568,-0.012828
0.059865,0.035125,-0.018326
0.057421,0.047953,-0.019853
0.062308,0.056047,-0.0197
0.068264,0.048106,-0.019548
0.074984,0.036957,-0.022144
0.076511,0.025351,-0.018784
0.081703,0.012523,-0.017104
0.080176,0.003512,-0.016035
0.076969,-0.018784,-0.016646
0.072235,-0.032529,-0.012065
0.053451,-0.034056,-0.013897
0.035736,-0.029016,-0.018937
0.020159,-0.041081,-0.016493
0.011148,-0.082772,-0.022602
0.001069,-0.106443,-0.022602
-0.013744,-0.094837,-0.005803
-0.029627,-0.07758,0.002596
-0.03375,-0.079565,0.000153
-0.029932,-0.067959,-0.009774
-0.030391,-0.022907,-0.008858
-0.029016,0.012217,-0.005192
-0.01741,0.013897,-0.008858
-0.009316,0.01405,-0.004887
0.004429,0.028558,-0.003512
0.007636,0.025962,-0.004123
0.011454,0.024893,-0.007789
0.006414,0.028558,-0.011759
-0.004429,0.028863,-0.009774
-0.004734,0.040623,-0.009621
0.005651,0.040164,-0.011148
0.013286,0.040775,-0.015424
0.018631,0.043066,-0.009316
0.017257,0.047953,-0.01069
0.011301,0.063683,-0.00504
-0.001222,0.063225,-0.003665
-0.003665,0.057116,-0.005498
-0.005803,0.029627,-0.005498
-0.007789,0.007636,-0.008858
-0.001527,-0.009774,-0.007178
0.003512,-0.024587,-0.006261
0.005192,-0.03207,-0.005651
-0.001222,-0.021838,-0.005956
-0.003665,0.001527,-0.005192
-0.005803,-0.003512,-0.006414
-0.002138,-0.010843,-0.010843
-0.011912,-0.008552,-0.010385
-0.003207,-0.009927,-0.006872
0.016188,-0.006261,-0.008552
0.030085,-0.001069,-0.003054
0.025504,-0.004123,-0.006109
0.027794,-0.019242,-0.003207
0.023518,-0.022602,-0.014355
0.021228,-0.006109,-0.010385
0.019548,0.002749,-0.013897
0.022449,0.022144,-0.008552
0.025809,0.030543,-0.005651
0.030696,0.026573,-0.010385
0.030849,0.018631,-0.013592
0.037874,0.022602,-0.003207
0.041081,0.015577,-0.005803
0.03879,0.012523,-0.00504
0.031001,0.011759,-0.005803
0.027184,0.027489,-0.005956
0.032834,0.011912,-0.004429
0.033598,-0.001985,-0.006261
0.022297,-0.02306,-0.002291
0.016341,-0.023976,-0.006109
0.018021,-0.022755,-0.003665
0.006109,-0.006109,-0.005803
0.002291,-0.008247,-0.002138
0.005803,-0.009163,-0.007483
0.005498,-0.012065,-0.007789
0.01069,-0.006261,-0.010996
0.012065,0.004123,-0.009163
0.009774,0.009316,-0.009316
0.010232,-0.009163,-0.004581
0.01405,-0.002291,-0.005803
0.004734,0.003512,-0.000305
0.002291,0.006414,-0.008399
0.005498,0.007178,-0.00901
-0.00336,0.012217,-0.010843
0.003207,-0.001222,-0.013439
0.003512,0.002291,-0.012675
0.00901,0.004123,-0.006872
0.009621,0.015119,-0.004276
0.003818,0.019395,-0.002749
-0.003971,0.007941,-0.00504
-0.006109,-0.01237,-0.002138
-0.010843,-0.031918,-0.005803
-0.014508,-0.020617,0.001069
-0.017868,-0.006567,0.000305
-0.018021,0.016646,-0.00672
-0.011148,0.029016,-0.008858
-0.009621,0.031765,-0.009621
0.006414,0.057421,-0.008247
0.005498,0.07086,0.001222
0.029322,0.073151,0.000611
0.047189,0.043219,0.000611
0.041386,0.013744,0.006109
0.031612,-0.006261,-0.003207
0.01741,-0.013286,-0.001374
0.009621,-0.005956,-0.008858
0.00672,0.001222,-0.005192
0.004123,-0.00504,-0.006109
-0.002902,-0.003512,-0.005956
-0.001222,0.015119,-0.000153
-0.005498,0.025045,0.001833
0.011454,0.009774,0.0
0.025962,0.005345,0.001985
0.032834,0.00672,-0.003512
0.023976,0.027031,0.001222
0.022907,0.028405,-0.003665
0.009621,0.027947,-0.008552
0.018173,0.028711,-0.005803
0.020922,0.00504,0.005803
0.020617,-0.036041,0.001069
0.009468,-0.054062,0.001069
-0.003207,-0.050091,-0.00336
-0.024893,-0.017104,0.001222
-0.038332,-0.010996,-0.001374
-0.036346,-0.014203,0.000305
-0.0281,0.000305,-0.003665
-0.018631,0.007636,-0.01405
-0.013286,0.00168,-0.013134
-0.006414,0.000764,-0.017257
0.002443,-0.001985,-0.016188
0.005498,0.022449,-0.014966
0.010996,0.036499,-0.011606
0.010079,0.029322,-0.01741
0.016493,0.033903,-0.013439
0.024587,0.035277,-0.016799
0.037721,0.015577,-0.013897
0.060476,0.000611,-0.022297
0.069944,0.002596,-0.01909
0.039859,0.024282,-0.013592
0.050702,0.027031,-0.020922
0.034208,0.05284,-0.011301
0.03146,0.050396,-0.012981
0.038026,0.039554,-0.008094
0.039401,0.018784,-0.014508
0.04444,-0.00504,-0.023213
0.039095,-0.020006,-0.035277
0.027489,0.002291,-0.030391
0.017104,0.032376,-0.018479
0.020159,0.051465,-0.002902
0.033903,0.046731,0.004734
0.040623,0.005192,0.00733
0.055741,-0.029016,-0.000305
0.053451,-0.029627,-0.004429
0.05116,-0.002138,-0.003971
0.047037,0.026878,-0.001527
0.039248,0.071166,0.008552
0.034514,0.099876,0.014508
0.026267,0.078802,0.005345
0.023976,0.054214,-0.000916
0.021991,0.041386,-0.004429
0.021686,0.028863,-0.011148
0.020006,0.018479,-0.014813
0.008399,0.032223,-0.003971
0.005651,0.036041,-0.004123
0.01909,0.031001,-0.00733
0.032987,0.025809,-0.014355
0.039706,0.027642,-0.014355
0.039706,0.031918,-0.01069
0.042761,0.03543,-0.015577
0.043677,0.025656,-0.014661
0.041692,0.0197,-0.022297
0.044135,0.017715,-0.02306
0.035888,0.003207,-0.016035
0.031765,0.008552,-0.015272
0.023824,0.016341,-0.019395
0.025045,0.004734,-0.020006
0.029016,-0.010996,-0.026573
0.029627,-0.022907,-0.025962
0.034514,-0.025656,-0.029322
0.033903,-0.009468,-0.027489
0.024282,0.020464,-0.015424
0.029016,0.040317,-0.004887
0.025962,0.040012,-0.007025
0.021686,0.036346,-0.007025
0.028405,0.027947,-0.00672
0.029627,0.007941,-0.006261
0.023671,-0.001222,-0.014966
0.010232,0.005498,-0.010996
-0.001833,0.021533,-0.002291
-0.003665,0.028711,-0.006414
-0.008247,0.019853,-0.003971
-0.000611,0.007178,-0.008247
-0.003818,0.002443,-0.010996
-0.008552,0.015577,-0.007025
-0.008552,0.023976,-0.006261
-0.004887,0.028405,-0.002291
-0.006567,0.019548,0.000916
-0.009468,0.002902,0.000916
-0.012523,-0.026725,-0.003207
-0.00672,-0.025809,-0.010843
-0.013897,0.000305,-0.01573
-0.019242,0.027794,-0.012217
-0.017715,0.051465,-0.010079
-0.008858,0.063072,-0.005803
0.013134,0.054978,-0.007636
0.023366,0.038485,-0.005651
0.018784,0.033139,0.001374
0.023213,0.012828,-0.004734
0.021075,0.005956,-0.006261
0.005803,0.014508,-0.007025
-0.000916,0.018173,-0.002291
-0.001985,0.003971,-0.012065
-0.006567,-0.004123,-0.001833
0.000764,-0.017104,-0.004887
-0.00336,-0.025198,-0.00504
-0.006109,-0.006414,0.002138
-0.005498,0.014203,0.0
0.001833,0.016341,-0.003054
0.005956,0.030543,-0.004123
0.002443,0.077885,-0.006109
0.011148,0.027184,-0.00168
0.014813,0.021533,-0.008094
0.016188,0.016952,-0.004276
0.014355,0.018021,-0.00336
0.010843,0.009621,-0.011759
0.000305,0.014355,-0.00672
0.00336,0.013439,-0.00733
0.002596,0.007941,-0.006567
0.009468,0.010232,-0.012523
0.009468,0.020769,-0.010996
0.00672,0.028711,-0.010537
0.01069,0.018326,-0.008552
0.013897,0.008247,-0.016799
0.01069,0.007025,-0.015882
-0.00168,0.003512,-0.010537
-0.003054,0.015424,-0.006109
-0.007789,0.01237,-0.006414
-0.004581,-0.003818,-0.011912
0.004123,-0.001374,-0.010843
-0.004581,0.041233,-0.005498
-0.009927,0.045357,-0.003665
0.003971,0.031154,-0.004581
0.009468,0.025045,0.001222
0.010385,-0.001985,0.002596
-0.001833,-0.016188,0.003512
-0.003054,-0.022755,-0.007636
-0.006261,-0.013592,-0.014203
-0.011606,0.009621,-0.012828
-0.012675,0.01573,-0.007483
-0.003971,0.014203,-0.011912
0.005651,0.013744,-0.008705
0.013897,0.014813,-0.004429
0.018784,0.009621,-0.006261
0.016341,0.005498,-0.009316
0.01237,0.015272,-0.009621
0.010537,0.01909,-0.008705
0.013897,0.008858,-0.007025
0.018479,0.010537,-0.008094
0.003512,0.012981,-0.005803
-0.000305,0.010843,-0.007483
0.001374,0.001527,-0.013286
0.004429,-0.00168,-0.004276
0.003054,-0.003818,-0.004734
0.002443,-0.016952,-0.005192
-0.000458,-0.016952,-0.008705
0.0,-0.016188,-0.009316
-0.007025,-0.00504,-0.008399
-0.004734,0.005956,-0.013744
-0.00336,0.006414,-0.009621
0.008094,-0.000153,-0.008094
-0.002291,0.007483,-0.00672
-0.000305,-0.010385,-0.007789
-0.001222,-0.0281,-0.010232
-0.002902,-0.033292,-0.011759
-0.00504,-0.02306,-0.010996
-0.00504,-0.025809,-0.005192
-0.001527,-0.031154,-0.00336
-0.008552,-0.03543,-0.006261
-0.004123,-0.033445,-0.002291
-0.010843,-0.021075,-0.039095
-0.010996,-0.018631,-0.001833
-0.011454,-0.030238,-0.002291
-0.018326,-0.018021,-0.012828
-0.018937,0.009774,-0.012217
-0.008858,0.029932,-0.008094
0.002596,0.028863,-0.001833
0.012828,0.019242,0.001222
0.18158,0.069791,0.107512
0.10965,0.42898,-0.121104
0.06017,-0.304822,-0.031154
0.001069,-0.128434,-0.0281
0.018784,0.020464,-0.010385
0.032987,0.054672,-0.003971
0.042302,0.046273,0.001985
0.024435,0.022755,0.00168
0.01237,0.01405,0.010079
0.001833,0.00504,0.004429
0.004429,-0.004123,0.0
0.008094,-0.004429,-0.000153
0.017257,-0.00672,0.003818
0.020769,0.009621,0.038332
0.021075,0.022602,-0.002749
0.019242,0.028558,-0.008858
0.005192,0.022297,-0.000305
-0.009468,0.017562,0.000611
-0.012217,0.021991,-0.002902
-0.004887,0.0197,-0.005498
-0.006567,0.024435,-0.008705
0.008399,0.02306,-0.006414
0.016646,0.025809,-0.008858
0.010996,0.027642,-0.008858
-0.005651,0.012523,-0.002291
-0.012523,-0.001374,0.000305
-0.009774,-0.005498,0.001833
-0.005498,0.007941,-0.002902
-0.002749,0.014355,-0.00168
0.00901,0.032987,0.001222
0.000764,0.034819,0.006109
-0.006261,0.036041,0.004429
-0.010079,0.036805,-0.001374
-0.014661,0.027794,-0.000916
-0.009927,0.022297,-0.000611
-0.014813,0.019548,-0.005498
-0.024282,0.005803,-0.019395
-0.03543,0.000916,-0.015119
-0.027947,0.007483,-0.006261
-0.02306,0.002443,-0.006414
-0.024282,0.003971,-0.003512
-0.030391,-0.004123,0.005803
-0.03207,0.000458,0.004276
-0.008705,0.025504,0.007178
-0.004276,0.045051,0.007789
-0.001069,0.058185,0.000764
0.005651,0.06353,-0.00733
-0.002291,0.038485,-0.001069
-0.015882,0.015272,0.013439
-0.006567,0.010232,0.011759
0.00733,0.018479,0.009468
0.016493,0.015272,0.003512
0.020159,0.020311,0.007025
0.033139,0.027794,0.002902
0.036499,0.024587,0.000916
0.022297,0.012981,-0.000458
0.009316,-0.012065,0.005498
0.003665,-0.013592,0.011759
0.014661,-0.017562,0.010385
0.016646,-0.022144,0.005803
0.009774,-0.0197,-0.000916
0.001069,-0.012675,-0.002138
-0.006261,0.0,-0.006109
0.003818,0.01237,-0.002596
0.014203,0.022144,0.004887
0.018173,0.018631,0.004887
0.024282,0.026573,0.001833
0.015882,0.02138,-0.001985
0.013592,0.001374,-0.003665
0.012065,-0.00672,-0.002443
0.011301,-0.020006,-0.001069
0.010385,-0.011301,0.001374
-0.038332,0.004123,0.000153
-0.006567,0.009621,-0.003207
-0.016188,0.017715,-0.00901
-0.015882,0.021686,-0.007483
-0.007178,0.014813,-0.011759
0.007178,0.011454,-0.007789
0.016493,0.005803,-0.003512
0.012675,-0.009774,-0.005498
-0.004123,-0.012523,-0.000916
-0.008858,-0.017104,0.002443
0.000305,-0.006109,-0.001069
0.016188,0.009621,-0.005498
0.016341,0.001527,-0.004276
0.005345,-0.01237,-0.009316
-0.016341,-0.022449,-0.019395
-0.03146,-0.027336,-0.020922
-0.049938,-0.039095,-0.026573
-0.061545,-0.051007,-0.014966
-0.045204,-0.027031,-0.006567
-0.011301,-0.018021,-0.00733
0.000153,-0.010385,-0.003054
0.001069,0.005498,0.005192
0.000916,0.008858,0.007789
-0.012065,0.00336,0.004734
-0.007178,-0.003818,0.012065
0.001985,0.008094,0.00901
0.021991,0.003665,0.005651
0.025504,0.007789,0.004429
0.023824,0.00733,-0.001833
-0.000305,0.001527,0.000764
-0.014813,-0.00672,-0.000153
-0.01741,-0.020617,-0.007025
-0.014355,-0.029322,-0.004734
-0.011912,-0.018173,-0.001833
0.000153,-0.009774,-0.022907
0.007941,-0.002596,-0.027336
0.015119,0.000458,-0.022755
0.022907,0.010385,-0.020311
0.021991,0.007789,-0.016799
0.010843,-0.016952,-0.014508
0.004887,-0.029169,-0.005803
0.008247,-0.040775,-0.008552
0.01237,-0.045204,-0.013897
0.0197,-0.035125,-0.015882
0.030238,-0.022144,-0.016493
0.038179,-0.006414,-0.012523
0.029627,0.004429,-0.00672
0.036652,0.015424,-0.000764
0.033598,0.01909,-0.004123
0.040775,0.021075,-0.012828
0.041539,0.007178,-0.015272
0.023366,-0.018937,-0.015882
0.002291,-0.028405,-0.011148
0.03879,-0.026573,-0.011454
0.003207,-0.007636,0.000458
0.016341,0.018479,-0.004276
0.01741,0.037874,-0.009163
0.009774,0.046578,-0.008858
0.008399,0.057574,-0.008858
0.000305,0.047189,-0.007178
0.004429,0.029169,-0.00504
0.006414,0.023976,0.00168
0.002596,0.014661,0.010385
-0.001833,0.004276,0.013897
0.002596,0.004429,0.01405
0.021991,0.008552,0.012828
0.024893,0.026725,0.003971
0.029474,0.025045,0.008247
0.034514,0.036346,0.01069
0.037263,0.032529,0.007483
0.035277,0.041081,0.008705
0.026114,0.02978,0.009468
0.015882,0.018479,0.008399
0.021991,0.01405,0.010843
0.009621,0.001833,0.008399
0.00336,0.038943,0.006872
-0.002596,0.003512,-0.001222
0.002749,0.005803,-0.00672
-0.002443,0.002291,-0.016952
0.003054,0.007025,-0.005956
0.002138,0.006109,-0.003512
0.010232,0.002443,-0.00168
0.019853,0.002291,0.005651
0.019242,0.01405,0.009316
0.012675,0.01069,0.005803
0.015882,0.022297,0.003512
0.007789,0.031154,-0.001069
0.014966,0.029016,0.001069
0.021686,0.036194,-0.001069
0.026878,0.034208,-0.007789
0.021686,0.023366,-0.007178
0.01741,0.009316,-0.013897
0.006567,0.026573,-0.013897
0.006872,0.039554,-0.016646
0.001985,0.016341,-0.015119
0.00168,-0.003054,-0.013286
0.002749,0.009316,-0.011301
0.013592,0.024587,-0.002138
0.023976,0.043982,-0.002291
0.028558,0.058185,-0.005192
0.027794,0.047495,-0.007483
0.023213,0.029932,-0.009316
0.010843,-0.002138,-0.00672
-0.001222,-0.023824,-0.00504
0.006261,-0.0281,-0.002749
0.014966,-0.026114,-0.006567
0.015882,-0.030085,-0.008247
0.003818,-0.001527,-0.005498
0.007025,0.025351,-0.008247
0.013439,0.04215,-0.006567
0.006414,0.026573,-0.008552
-0.002138,0.013439,-0.004123
-0.012065,0.002596,-0.004123
-0.008552,-0.004276,-0.00504
-0.002138,0.001833,-0.003665
-0.001527,0.017715,-0.002749
-0.001222,0.02474,-0.005956
-0.007025,0.025351,-0.004123
-0.012675,0.020922,0.008858
-0.021686,0.021838,0.001527
-0.016799,0.026725,-0.00168
-0.009621,0.020311,-0.002138
0.001374,0.02138,-0.003054
0.003054,0.022297,-0.004123
-0.002749,0.012981,-0.005803
-0.011148,-0.000305,-0.001374
-0.004276,-0.005956,-0.003818
-0.008399,0.001069,-0.006414
-0.002291,0.027489,-0.00336
-0.005956,0.031154,-0.002291
-0.008399,0.019242,-0.004581
-0.013439,0.007483,-0.003054
-0.02306,0.006567,-0.003054
-0.023518,0.016646,-0.00672
-0.018173,0.014203,-0.010079
-0.007178,0.025809,-0.005956
-0.001527,0.020159,-0.007025
-0.008858,0.005345,-0.004429
-0.016952,0.005803,-0.00733
-0.012523,0.018173,-0.009621
-0.004887,0.021686,-0.001527
0.019548,0.01909,0.003818
0.033903,0.018937,0.001985
0.013592,0.015577,-0.001069
-0.000153,0.013592,-0.004734
-0.014203,-0.001833,-0.005345
-0.018326,-0.004123,-0.002138
-0.011301,0.002902,-0.001222
-0.001527,0.021533,-0.000458
-0.001985,0.038943,-0.005651
-0.00168,0.035277,-0.006414
0.001833,0.032834,-0.002138
0.000458,0.02642,-0.005498
0.001527,0.020769,-0.006109
0.008552,0.029322,-0.011606
0.00672,0.019395,-0.010537
0.004276,0.01573,-0.005498
0.004123,0.004123,-0.018479
0.004429,0.004429,-0.025045
0.007178,0.027947,-0.009927
0.016188,0.031918,-0.009621
0.016799,0.032529,-0.011148
0.013744,0.022755,-0.009468
-0.004581,0.008094,-0.004123
-0.002902,0.003665,0.0
-0.000305,-0.000458,-0.002291
0.006567,0.038179,-0.001374
0.011454,0.012523,0.002596
0.012828,0.019853,0.004276
0.012981,0.023824,-0.002138
-0.001222,0.02306,-0.003665
-0.012675,0.021991,-0.001527
-0.01741,0.019548,-0.005803
-0.013592,0.018173,-0.005498
-0.008247,0.012217,-0.003818
-0.009316,0.005345,-0.002596
-0.010079,0.009163,-0.003971
-0.005498,0.024587,-0.008552
0.010537,0.032223,-0.00504
0.014508,0.029627,-0.00504
0.006872,0.002443,-0.004734
-0.011912,-0.025045,-0.001374
-0.016799,-0.012828,-0.004123
-0.005803,0.004429,-0.003207
0.016188,0.027947,-0.003665
0.025198,0.036499,-0.005192
0.016493,0.034819,-0.013439
-0.004734,0.031001,-0.008094
-0.010385,0.02474,-0.010079
-0.015577,0.014966,-0.005956
-0.022449,0.012675,-0.010996
-0.022907,0.01909,-0.010079
-0.017257,0.014203,-0.013592
-0.017104,0.002596,-0.010079
-0.011912,0.016646,-0.012217
-0.002902,0.016952,-0.018631
0.000305,0.020006,-0.01741
0.0,0.00168,-0.011301
0.005956,-0.006109,-0.004734
0.020617,-0.007483,-0.003665
0.027489,0.001833,-0.008399
0.023824,0.00336,-0.007483
0.014966,-0.000153,-0.009621
0.014203,0.008247,-0.007636
0.012523,0.011759,-0.011606
0.000764,0.00168,-0.007941
-0.001527,-0.004581,-0.007178
0.003818,-0.014203,-0.006414
0.012981,-0.021838,-0.005803
0.026114,-0.008399,-0.001985
0.022602,0.017715,-0.008247
0.000916,0.041692,-0.01405
-0.021075,0.045509,-0.012523
-0.029169,0.030849,-0.006567
-0.023518,0.022907,-0.003971
-0.006261,0.011759,-0.004123
0.00733,0.013744,-0.005803
0.011912,0.032681,-0.004887
0.0197,0.047495,-0.005192
0.021228,0.039248,-0.006567
0.015424,0.024893,-0.01405
0.01405,0.011759,-0.015577
0.024587,0.023213,-0.019242
0.033139,0.007789,-0.01573
0.010537,-0.011454,-0.017562
-0.021533,-0.027794,-0.013439
-0.031307,-0.029169,-0.003971
-0.01069,-0.007178,-0.00168
0.028558,0.012217,-0.000611
0.034667,0.041997,-0.001527
0.028711,0.042455,-0.004429
0.012065,0.025045,-0.003665
-0.004276,0.004887,-0.003818
-0.016493,-0.016646,-0.00504
-0.021075,-0.019853,-0.005956
-0.012981,-0.009927,-0.004123
-0.002902,-0.002138,-0.007789
0.004123,0.006567,-0.007025
0.006414,0.013897,-0.00336
0.002902,0.004429,-0.001527
0.00901,0.004123,-0.000458
0.014355,-0.039095,0.003818
0.016646,0.021838,0.000458
0.020464,0.037721,-0.00336
0.022297,0.040623,-0.005345
0.011759,0.023976,0.002291
0.010537,0.011148,-0.000916
0.013592,0.005651,-0.005345
0.007178,0.010996,-0.000916
0.001374,0.005498,-0.000153
0.001069,0.014661,-0.002138
0.010843,0.026878,-0.003818
0.030391,0.041844,-0.004429
0.033598,0.038637,-0.004276
0.027947,0.026725,0.002138
0.022449,0.003971,0.002596
0.01405,-0.004581,-0.001222
0.012217,-0.004276,-0.003512
-0.002138,-0.003512,-0.00168
-0.006567,-0.00168,-0.009468
-0.004123,0.003818,-0.008399
0.007483,-0.003207,-0.01069
0.020311,0.003054,-0.007483
0.018021,0.010232,-0.005192
0.007483,0.014661,-0.000153
0.003512,0.018479,-0.008399
0.000153,0.011912,-0.011759
0.013592,0.006414,-0.01237
0.006261,-0.01237,-0.007025
-0.020617,-0.03879,-0.00504
-0.020159,-0.037415,-0.001069
-0.012523,-0.023976,0.005498
0.011606,-0.000458,0.004276
0.026114,0.014661,0.000611
0.020769,0.006261,-0.001069
-0.004581,-0.001374,0.000916
-0.011301,-0.010843,-0.002902
-0.012981,-0.019548,-0.001985
-0.01405,-0.01741,-0.001374
-0.01573,-0.019853,0.000458
-0.005803,-0.00901,-0.000153
0.017715,-0.002138,-0.002291
0.034667,0.011454,0.001374
0.031001,0.011912,0.001374
0.022449,0.004123,0.000764
0.009927,-0.001069,0.00168
-0.00168,-0.003512,0.001985
0.021838,0.007941,0.008094
0.026878,0.014813,0.004123
0.031001,0.009163,-0.003512
0.03543,-0.003818,0.001069
0.028711,-0.010996,-0.001833
0.022755,-0.013286,0.000458
0.018631,-0.010996,-0.002291
0.020769,0.001069,0.000153
0.038485,0.007483,-0.005345
0.04215,0.016341,-0.006872
0.044288,0.021991,-0.005192
0.042455,0.037874,-0.005803
0.043677,0.030238,0.001222
0.041233,0.037721,-0.002291
0.034667,0.027947,-0.003971
0.025045,0.015882,-0.000305
0.01909,0.013744,-0.004887
0.016646,0.005345,-0.002443
0.015577,0.0,-0.001833
0.009927,-0.008552,0.000153
0.017715,-0.004429,0.000916
0.028405,0.011148,-0.007025
0.03146,0.022755,-0.015272
0.015882,0.021838,-0.013897
0.008705,0.030085,-0.009621
-0.002291,0.010232,-0.004887
-0.01741,-0.031001,0.001069
-0.011454,-0.048411,-0.002138
-0.006414,-0.051007,-0.012523
0.007789,-0.028253,-0.006109
0.018937,0.006261,-0.000458
0.014508,0.027184,-0.014355
0.006414,0.018937,-0.012981
0.001985,0.00733,-0.009316
-0.003665,-0.011148,-0.003665
-0.010843,-0.02138,-0.000153
-0.018631,-0.002291,0.001527
-0.013592,0.021686,-0.004581
-0.00672,0.035736,-0.007636
0.015119,0.040928,-0.00672
0.02138,0.042608,-0.010537
0.023671,0.027642,-0.006567
0.014203,0.016493,0.000153
0.007636,0.011301,0.001374
0.013592,0.021228,0.002138
0.02306,0.037568,0.001374
0.03711,0.047189,-0.002596
0.045357,0.040164,-0.003665
0.037568,0.041386,0.00168
0.037874,0.030085,0.009468
0.033598,0.024587,0.01237
0.021838,0.01405,0.00901
0.016035,0.009468,0.007941
0.022297,0.007483,0.004429
0.025656,0.012981,-0.005498
0.020311,0.01237,-0.004276
0.014966,0.008094,-0.006414
0.005651,-0.008094,-0.00504
-0.008705,-0.01237,-0.000153
-0.005651,-0.009468,-0.002443
-0.006109,0.008247,-0.005803
-0.004429,0.017868,-0.006567
-0.021228,0.01237,-0.003971
-0.015272,0.012523,-0.003665
-0.020006,0.017868,-0.001374
-0.02138,0.025962,-0.00733
-0.006414,0.038026,-0.01741
-0.004276,0.032376,-0.013744
-0.005345,0.018784,-0.008094
-0.024282,-0.012828,-0.009468
-0.028405,-0.023366,-0.00672
-0.018326,-0.017257,-0.003818
0.000916,0.005345,0.001069
0.025045,0.030849,-0.003512
0.037263,0.031154,-0.003818
0.03146,0.025962,-0.005345
0.01573,0.011148,-0.004429
0.003512,0.006414,-0.002291
-0.001985,0.000611,-0.008552
0.006567,-0.001527,-0.007941
0.002138,-0.00336,-0.009621
-0.008247,-0.003971,-0.008705
-0.007636,0.006109,-0.005345
-0.000153,0.016035,-0.010232
0.001527,0.006414,-0.010385
-0.000611,-0.038332,-0.007789
-0.002291,-0.010843,-0.010079
-0.001985,-0.00168,-0.007025
-0.009621,0.001985,-0.002596
-0.010232,0.008094,-0.004429
-0.014203,0.010537,-0.002443
-0.001985,0.008858,0.00168
-0.00336,0.029627,-0.005803
-0.037263,0.021991,-0.002902
0.006109,0.019853,0.001833
0.009468,0.018631,0.003207
0.007483,0.024282,0.000305
0.012065,0.03879,-0.006567
0.003512,0.027489,-0.004123
-0.001527,0.022907,-0.004123
0.002138,0.014813,-0.00336
-0.001069,0.020922,-0.009316
0.002902,0.023213,-0.00733
0.000458,0.017868,-0.009316
-0.002443,0.014966,-0.017715
-0.011606,0.006414,-0.018784
-0.010843,0.000764,-0.012828
-0.001527,0.007025,-0.008552
0.001222,0.016341,-0.008399
-0.002138,0.027947,-0.015882
-0.005803,0.027642,-0.021838
0.001527,0.005803,-0.016188
-0.003207,-0.013744,-0.013592
-0.010079,-0.036194,-0.008399
-0.020617,-0.047953,-0.004276
-0.015882,-0.023671,-0.002138
0.001985,0.006261,-0.00733
0.0197,0.02978,-0.014813
0.018021,0.029627,-0.010537
0.005651,0.027489,-0.005192
-0.00336,0.023976,-0.004276
-0.008858,0.016952,-0.005345
-0.020617,0.01069,-0.008858
-0.02642,0.008858,-0.013897
-0.026878,-0.003971,-0.01405
-0.029627,-0.003054,-0.004734
-0.018021,0.005651,-0.004887
-0.003971,0.024129,-0.003054
-0.001069,0.019395,-0.005192
-0.003665,0.010385,-0.003054
-0.008858,0.008858,0.001374
-0.002749,0.020159,-0.001069
0.011912,0.027794,-0.006414
0.009163,0.012981,-0.004429
0.005498,0.00672,0.0
-0.002749,0.004887,0.003971
0.00168,0.008094,0.0
0.007178,0.007178,0.000611
0.005651,0.006872,0.00336
0.002138,0.008247,-0.000153
-0.005803,0.009927,-0.00504
0.006109,0.01237,-0.001222
0.009621,0.01237,0.0
0.004429,0.012523,0.002443
0.008705,0.018479,0.0
0.010385,0.022755,-0.003207
-0.000153,0.019395,-0.004581
-0.008552,0.001527,-0.006567
-0.01741,-0.014661,-0.000611
-0.01237,-0.014966,0.001069
-0.005498,-0.001985,0.00168
0.002902,0.022602,-0.003818
-0.006414,0.027947,-0.003665
-0.005803,0.021686,-0.007941
-0.002749,0.010079,-0.008552
0.000916,-0.005651,-0.007483
-0.000764,-0.004429,-0.003665
-0.008399,-0.00901,-0.004581
-0.014966,-0.008094,0.000611
-0.005345,0.016341,0.009316
0.014508,0.041844,0.00901
0.022907,0.048716,-0.001069
0.021991,0.029932,-0.000611
0.003665,0.017257,0.000305
-0.012828,0.009468,0.001374
-0.025045,0.003665,0.001527
-0.020159,0.018631,-0.000611
-0.012523,0.028253,-0.005956
-0.004734,0.029322,-0.005651
-0.008552,0.017715,-0.000916
-0.00733,0.007025,0.002596
-0.038332,0.011454,-0.001069
-0.007941,0.01741,0.003054
0.005651,0.015272,0.003512
0.010996,0.013744,0.005192
0.010843,0.005345,0.004734
0.008399,0.016188,-0.001222
0.005345,0.020311,-0.006872
0.010537,0.011606,-0.004581
-0.001833,-0.000305,-0.004276
-0.00733,-0.013439,0.000305
-0.008858,-0.006109,-0.000458
-0.004887,0.005498,-0.001374
-0.001527,0.012065,0.001374
-0.039095,0.006261,-0.002443
0.005498,0.012675,-0.005192
0.013744,0.02138,-0.004887
0.017104,0.027184,-0.006261
0.010996,0.02138,-0.005192
0.004734,0.008247,0.000153
0.007941,-0.010843,0.002749
0.003207,-0.01405,0.004276
-0.002749,-0.000153,0.002596
-0.000458,0.020311,-0.004734
0.013439,0.035583,-0.004734
0.01405,0.025198,-0.008552
0.00672,0.013439,-0.006414
-0.002749,0.003665,-0.005192
-0.011759,0.008247,-0.003665
-0.00504,0.006109,-0.008094
-0.001527,0.022907,-0.007941
0.012065,0.026267,-0.003971
0.008399,0.004429,-0.005956
-0.011148,-0.004276,-0.004276
-0.021075,-0.011912,-0.000916
-0.011606,-0.007025,-0.005192
0.009468,0.005345,-0.001222
-5.004208,5.003444,4.766276
0.321621,-0.049633,-0.231976
0.080176,-0.278249,-0.015119
0.054672,-0.144622,-0.014813
0.039706,-0.025962,-0.003665
0.045815,-0.015272,0.002596
0.048564,0.00504,-0.00672
0.041844,0.003665,-0.005192
0.03207,0.017868,-0.020159
0.043677,0.005192,-0.025656
0.063377,0.003207,-0.026725
0.069333,0.013897,-0.024282
0.059865,0.003818,-0.024587
0.054825,0.013897,-0.010385
0.054978,0.030849,0.0
0.051771,0.071929,-0.002902
0.060018,0.078343,-0.008705
0.06017,0.070708,0.001527
0.062919,0.053603,0.008858
0.098349,0.031918,-0.011301
0.108887,0.026267,-0.016493
0.108123,0.022449,-0.013439
0.110872,0.016035,-0.019548
0.093157,0.010232,-0.025351
0.104763,0.017868,-0.031154
0.072235,0.009316,-0.013286
0.053603,0.001527,-0.003512
0.025045,0.002138,-0.002749
0.023366,0.008399,-0.008094
0.019853,0.009927,-0.012065
0.021991,0.031307,-0.020769
0.035125,0.030238,-0.01573
0.033292,0.050702,-0.01069
0.055436,0.051465,-0.007178
0.066126,0.036499,-0.002902
0.067653,0.01405,-0.002138
0.061697,0.014661,0.002291
0.051007,0.02978,0.007941
0.026114,0.049786,-0.002291
0.02306,0.058948,-0.000458
0.02474,0.101251,0.004887
0.012828,0.098349,0.02138
0.020617,0.091477,0.033598
0.033292,0.082925,0.023671
0.036346,0.068875,0.018326
0.026878,0.066432,0.014966
-0.006567,0.089644,0.015272
-0.033139,0.104763,0.013286
-0.041844,0.09499,0.023976
-0.013134,0.068875,0.025198
0.035125,0.024435,0.021075
0.063683,-0.00168,0.017257
0.039248,-0.002138,0.027031
0.030085,0.008247,0.023824
0.029169,0.025351,0.009163
0.034056,0.029627,-0.003665
0.041386,0.029322,0.001833
0.003818,0.051924,-0.012675
0.039706,0.069333,-0.014355
0.043371,0.06857,-0.007789
0.03879,0.072998,-0.002749
0.061697,0.026114,0.013744
0.055894,-0.011301,0.028711
0.025962,-0.047189,0.033139
-0.022297,-0.035277,0.00901
-0.061239,-0.014355,-0.013592
-0.090713,-0.015882,-0.023366
-0.106901,-0.033445,-0.024129
-0.120188,-0.039859,-0.012981
-0.121715,-0.074526,-0.004276
-0.116828,-0.081856,0.003818
-0.110261,-0.105069,0.006567
-0.100487,-0.107818,0.00733
-0.09728,-0.100182,-0.002596
-0.091324,-0.064904,0.004276
-0.095295,-0.0197,0.006109
-0.087506,-0.011606,0.000611
-0.063835,0.000305,-0.003971
-0.026725,0.004581,-0.011148
-0.008247,-0.003818,-0.011759
-0.00168,-0.010232,-0.006872
-0.011454,-0.013286,-0.005192
-0.016341,0.006109,-0.011912
-0.010843,0.027794,-0.014661
-0.007789,0.034972,-0.023366
-0.01069,0.034667,-0.031001
-0.010537,0.035583,-0.023824
-0.01069,0.026114,-0.006109
0.001374,0.026725,-0.004429
0.009163,0.03146,-0.003665
0.002749,0.058338,-0.01069
0.002749,0.054672,-0.011759
0.005803,0.0478,-0.005803
0.025504,0.036041,-0.00901
0.034208,0.020311,-0.00901
0.039554,0.006261,-0.009774
0.035277,0.008247,-0.01909
0.034514,0.013134,-0.018631
0.040775,0.032681,-0.02138
0.028253,0.04948,-0.015424
0.016493,0.04948,-0.004887
0.020006,0.036652,0.002902
0.025045,0.014966,0.001374
0.023366,-0.003818,0.002443
0.013744,-0.014661,-0.006567
-0.006872,-0.031918,-0.018326
-0.014203,-0.053909,-0.01741
-0.019853,-0.047037,-0.015272
-0.027489,-0.018631,-0.024129
-0.02306,-0.010537,-0.019548
-0.00733,-0.01909,-0.018326
0.009316,-0.028558,-0.016493
0.024435,-0.038179,-0.006567
0.015882,-0.036805,-0.002749
0.012675,-0.019395,-0.004123
0.000764,-0.001069,-0.011606
-0.003512,0.031001,-0.011759
-0.005498,0.014661,-0.016646
-0.002291,0.010079,-0.019853
0.016646,0.019395,-0.023976
0.024129,0.032376,-0.017562
0.025809,0.03879,-0.00733
0.026725,0.028863,-0.002902
0.010232,0.030391,-0.007025
-0.009163,0.020617,-0.004581
-0.01573,0.009621,-0.005192
-0.011912,0.008552,-0.013439
0.000153,0.010232,-0.005956
0.006109,0.01573,-0.018173
0.00336,0.00168,-0.003665
0.013134,-0.013439,-0.001985
0.02642,-0.020006,-0.007636
0.029169,-0.000611,-0.009927
0.008247,0.038637,-0.020769
-0.008705,0.064294,-0.020769
-0.023671,0.069028,-0.010385
-0.007025,0.049022,0.003818
0.015119,0.036194,0.003665
0.028863,0.017868,0.001985
0.04215,0.009163,0.00733
0.036194,0.027794,-0.007025
0.016799,0.053451,-0.007178
0.004734,0.056505,-0.004887
-0.004581,0.054367,-0.003054
0.009927,0.028711,-0.003512
0.021838,0.013134,-0.011301
0.024587,0.023366,-0.016188
0.007178,0.045968,-0.005498
-0.003207,0.045509,-0.004581
0.007178,0.032223,-0.004429
0.009774,0.014355,-0.00504
0.010537,-0.002902,-0.001069
0.01069,-0.014813,0.003512
0.001374,-0.015577,-0.010996
-0.013897,0.019395,-0.016952
-0.027336,0.039859,-0.014203
-0.025809,0.045662,-0.017868
-0.01237,0.04215,-0.018937
-0.004123,0.031154,-0.008858
-0.000458,0.023366,-0.003512
0.001985,0.030085,0.005345
0.007483,0.020769,0.004734
0.014355,0.033445,-0.007483
0.008399,0.047189,-0.01237
0.000611,0.066584,-0.018173
0.014661,0.06857,-0.007636
0.031001,0.052687,-0.003512
0.042302,0.022755,0.010843
0.037874,-0.002291,0.016952
0.040164,-0.027184,0.01237
0.025351,-0.021686,-0.020769
0.018631,0.010843,-0.034056
-0.008247,0.027642,-0.020769
-0.008705,0.025504,-0.029474
-0.011301,0.018326,-0.030391
0.005192,0.010385,-0.014813
0.009927,0.008399,-0.007789
0.008247,0.00168,-0.009927
0.000305,0.003207,-0.012675
-0.015577,0.010996,-0.010996
-0.023213,0.018173,-0.00672
-0.009316,0.01741,-0.012675
-0.016341,0.008552,-0.007025
-0.016493,0.003665,0.000764
-0.01573,0.013744,0.004123
-0.015272,0.007789,0.002902
-0.013592,0.014966,-0.00733
0.001374,0.020159,-0.008399
0.014661,0.014508,-0.00733
0.025198,0.020311,-0.013134
0.034819,0.034514,-0.018479
0.025962,0.031001,-0.010996
0.019548,0.02978,-0.006414
0.022755,0.018173,-0.009316
0.018173,0.022449,-0.011454
0.016799,0.01741,-0.008705
0.024893,0.003512,-0.007178
0.029016,-0.002749,-0.006414
0.03207,-0.003054,0.00168
0.023976,-0.003207,-0.004581
0.004887,0.008858,-0.015272
-0.005192,0.01741,-0.018784
-0.011454,0.0,-0.010843
-0.010996,-0.014966,-0.010385
-0.008552,-0.023518,-0.007789
-0.006261,-0.029474,-0.009621
-0.010996,-0.031307,-0.013134
-0.018631,-0.021228,-0.011759
-0.030849,-0.000305,-0.011301
-0.032529,0.006414,-0.00168
-0.019395,0.004581,-0.000153
-0.012217,0.000305,-0.003818
-0.009774,-0.029932,0.002443
-0.011606,-0.045509,0.004276
-0.016035,-0.031307,-0.012065
-0.008247,-0.009163,-0.01237
-0.004123,0.014508,-0.017868
-0.002749,0.011606,-0.02306
-0.001069,0.018173,-0.024587
-0.002902,0.018937,-0.019242
-0.003512,0.021838,-0.005498
0.000764,0.020922,-0.007789
0.012065,0.013744,-0.011454
0.010537,0.012217,-0.009468
0.013744,0.020006,-0.006261
0.012675,0.026725,0.000458
0.007941,0.030849,0.002749
0.01573,0.034208,0.005498
0.013134,0.035277,-0.037568
0.014508,0.02978,-0.005498
0.012523,0.032681,-0.002291
0.003971,0.026878,-0.003665
-0.005803,0.018021,-0.004887
-0.001374,0.005192,-0.009774
-0.007025,0.002749,-0.00901
0.002138,0.0,-0.007636
0.012675,-0.006109,-0.005192
0.014508,-0.011301,-0.003665
0.003818,-0.003818,-0.000916
-0.002443,0.016035,-0.005803
0.000916,-0.001069,-0.001222
0.007025,-0.004429,-0.011301
0.010996,-0.004734,-0.015577
-0.002902,0.019548,-0.035888
-0.010996,0.025045,-0.01237
-0.006872,0.027489,-0.010843
-0.003818,0.02642,-0.0197
-0.004581,0.011148,-0.002902
-0.00336,-0.000153,0.002902
0.000153,0.001527,-0.008705
0.004429,0.005498,-0.01237
0.002902,0.011301,-0.020769
-0.00336,0.022907,-0.019853
-0.014508,0.030085,-0.011301
-0.011606,0.037874,-0.006109
0.001069,0.023213,-0.011301
0.000458,0.017868,-0.007941
-0.00336,0.010232,0.000305
-0.004887,0.016035,-0.001374
-0.001374,0.027031,-0.004276
-0.004581,0.032529,-0.011454
-0.010996,0.022907,-0.005192
-0.005192,0.003818,-0.006567
-0.002443,-0.001985,-0.005345
-0.006261,0.014661,-0.011148
0.005498,0.003818,-0.009927
0.008705,-0.005956,-0.003512
0.008247,-0.010843,-0.002138
0.010232,-0.007789,0.002443
0.021991,-0.008705,0.004276
0.012675,-0.001985,-0.004123
-0.000611,-0.003207,-0.009163
-0.006414,0.010996,-0.008552
-0.015577,0.015577,-0.021075
-0.004581,0.025656,-0.022449
0.006567,0.021991,-0.01405
0.020006,0.017104,-0.012981
0.0197,0.010232,-0.010232
0.020922,-0.001374,-0.012981
0.016035,0.004887,-0.016341
0.024282,0.008705,-0.011148
0.012981,0.003971,-0.00733
0.009927,-0.00336,-0.008552
0.001069,0.003971,-0.008247
0.006872,0.023366,-0.005651
0.005498,0.036805,-0.006872
0.014203,0.039401,-0.004734
0.007636,0.039095,-0.001985
0.00733,0.025809,0.003512
0.002902,0.00901,0.001833
0.007178,0.001222,0.004429
0.009163,-0.011606,0.008705
0.010537,-0.016646,0.00504
0.013592,-0.007636,-0.009163
0.009468,0.00336,-0.011759
-0.001833,0.027336,-0.013744
0.001527,0.039859,-0.010232
0.007178,0.033903,-0.004734
0.012828,0.012523,-0.000916
0.010996,-0.009468,-0.002291
0.01069,-0.009774,-0.007483
0.003207,0.008858,-0.006872
-0.002902,0.017715,-0.005345
-0.002138,0.009316,-0.004581
0.000305,0.00901,-0.004887
-0.003818,0.006261,-0.004429
-0.008399,0.015424,-0.007941
-0.005651,0.015424,-0.002749
0.000611,0.0,-0.004734
0.007178,-0.002443,-0.000764
0.010996,0.003054,0.006109
0.025962,0.003665,0.003054
0.026114,0.006109,-0.000916
0.0281,0.000764,-0.000305
0.017257,0.000305,-0.001985
-0.003054,0.006567,-0.005192
-0.017104,0.00901,-0.005956
-0.01573,0.001833,-0.002596
-0.006872,-0.00733,-0.002443
0.0,0.002443,-0.004734
0.002291,0.005803,-0.003207
0.003818,0.018631,-0.004887
0.003818,0.022755,-0.002443
0.001069,0.012217,-0.001222
0.010996,0.006872,0.001527
0.018937,-0.002749,0.00336
0.018326,0.003512,-0.001222
0.012675,-0.00168,0.00168
0.001527,0.005956,-0.000153
0.004429,0.00504,-0.008399
-0.001833,-0.001222,-0.002596
-0.002902,-0.018021,-0.001985
0.005498,-0.027794,-0.008399
0.005651,-0.025962,-0.007636
-0.003818,-0.013134,-0.004429
-0.010537,-0.004123,-0.001985
-0.00672,0.008247,-0.004276
0.005498,0.030849,-0.012065
0.01741,0.048716,-0.009316
0.023976,0.048411,-0.009927
0.033292,0.030696,-0.004734
0.032681,0.007025,-0.000305
0.0197,-0.008399,-0.00168
0.01405,-0.013439,-0.00672
0.007941,0.00168,-0.009621
0.003207,0.01741,-0.011912
0.004581,0.022449,-0.007789
0.004887,0.014508,-0.009927
-0.001069,0.009316,-0.007483
0.004887,0.000916,-0.006109
0.007483,-0.000764,-0.006872
0.001833,-0.010537,-0.008094
0.001985,-0.004429,-0.007636
-0.005498,0.002443,-0.002138
-0.007178,0.009774,-0.003054
-0.002138,0.007178,-0.000611
0.00168,0.000764,-0.001069
0.007178,-0.016035,0.002596
-0.007483,-0.007941,-0.002749
-0.000611,-0.008705,-0.007025
0.004276,0.004429,-0.004581
0.000305,0.007178,-0.00733
0.008094,0.006261,-0.014508
0.002443,0.016341,-0.018479
-0.007483,0.025656,-0.021991
-0.009621,0.031612,-0.0197
-0.01069,0.021686,-0.007941
-0.003207,-0.001069,-0.002291
0.007636,-0.010843,-0.005498
0.009774,-0.022449,-0.004123
0.000611,-0.027947,0.000305
-0.01237,-0.019853,-0.003665
-0.019853,-0.00672,-0.00168
-0.014203,-0.003512,-0.002443
-0.007789,-0.008705,-0.008552
0.000305,-0.023366,-0.006261
0.002291,-0.018479,-0.004123
0.002291,-0.013592,-0.001833
-0.000764,-0.005956,0.001985
0.000458,0.003207,-0.011912
0.004887,0.016952,-0.014813
0.002291,0.035583,-0.015882
0.003665,0.054672,-0.013286
0.013134,0.040012,-0.007178
0.012981,0.007178,-0.004887
0.013592,-0.017104,-0.001069
0.003971,-0.023518,-0.003512
-0.001222,-0.011301,-0.005498
-0.009927,0.000153,-0.004734
-0.011912,-0.000458,-0.003512
-0.005956,-0.006872,0.004734
0.003054,-0.006414,0.010537
0.020769,-0.02306,0.007636
0.032376,-0.030085,0.008705
0.034819,-0.026725,0.01069
0.026267,-0.035736,0.004429
0.012523,-0.043066,0.002443
0.000458,-0.030849,-0.000153
-0.001069,-0.008399,-0.007636
-0.001374,0.001374,-0.014966
0.004276,0.012065,-0.02138
0.011148,0.006414,-0.018173
0.002291,0.017715,-0.030391
0.005803,0.03543,-0.0281
0.008399,0.035583,-0.030085
0.017104,0.032987,-0.019853
0.027947,0.025351,-0.014355
0.024435,0.020006,-0.01741
0.027184,0.01573,-0.012828
0.02978,0.004123,-0.013439
0.02642,0.014203,-0.009927
0.024282,0.014813,-0.000305
0.018326,0.004734,-0.004429
0.017104,-0.003207,-0.016646
0.011148,-0.015882,-0.005498
0.00672,-0.014813,-0.008247
0.010385,-0.021075,-0.012981
0.007636,-0.017868,-0.014355
0.004734,-0.014203,-0.005345
0.003818,-0.004581,-0.00504
0.001069,-0.011301,-0.001527
0.019242,-0.023366,-0.001069
0.016341,-0.023976,-0.003971
0.009774,-0.011606,-0.002443
0.004429,0.001374,-0.008705
0.006261,0.017104,-0.006109
0.003054,0.018021,-0.005498
0.018173,0.022755,0.000458
0.023366,0.013592,-0.008094
0.009163,0.005651,-0.005956
-0.007178,-0.006414,-0.004276
-0.015424,-0.008705,-0.016035
-0.016646,-0.015577,-0.017562
-0.014355,0.001527,-0.018326
-0.024893,0.007178,-0.014355
-0.026878,0.023824,-0.017562
-0.018631,0.019853,-0.029627
-0.006872,0.003207,-0.029016
0.002902,-0.01405,-0.038332
0.010232,-0.02306,-0.030238
-0.010537,-0.00504,-0.024435
-0.015119,0.009163,-0.024587
-0.000153,-0.010537,-0.010537
0.011148,-0.003512,-0.016493
0.007025,-0.0197,-0.014813
0.003971,-0.034514,-0.00901
-0.01741,-0.027947,-0.021075
-0.021533,-0.01237,-0.012828
-0.019395,-0.002443,-0.018021
-0.018021,-0.011454,-0.016799
-0.008247,-0.017868,-0.020464
0.004429,0.002291,-0.015577
0.014355,0.02978,-0.012065
0.017562,0.049938,-0.024587
0.027642,0.029016,-0.018173
0.030085,-0.004887,-0.003054
0.039706,-0.059559,0.010232
0.035277,-0.088117,0.015424
0.030696,-0.073304,0.003665
-0.003512,-0.046578,-0.024435
-0.037415,0.003512,-0.034361
-0.055131,0.046273,-0.045509
-0.059101,0.056963,-0.036194
-0.046731,0.037721,-0.01069
-0.000611,-0.008247,0.000611
0.048258,-0.059407,0.001069
0.073457,-0.068875,-0.001985
0.052534,-0.044593,-0.007636
0.016799,-0.004887,-0.011301
0.000764,0.024435,-0.003054
-0.000153,0.024282,0.001833
0.011912,-0.006872,0.021991
0.023976,-0.010385,0.032834
0.019853,-0.009316,0.022297
0.009468,-0.008247,0.018479
0.001222,-0.012828,0.013897
-0.006567,-0.006872,0.012523
-0.014355,0.009774,0.003665
-0.010079,0.034514,-0.009468
-0.004123,0.048716,-0.022297
0.002138,0.057727,-0.02306
0.00168,0.067653,-0.016646
-0.003971,0.056963,-0.019395
0.003207,0.042455,-0.024893
0.017562,0.027642,-0.024587
0.027489,0.010996,-0.016799
0.034514,0.001374,-0.004429
0.021075,-0.008858,0.010537
0.022602,-0.047037,0.018631
0.011148,-0.05681,0.018937
0.006414,-0.068875,0.008552
-0.006872,-0.068417,-0.006109
-0.039401,-0.039095,-0.016799
-0.060934,-0.006109,-0.022449
-0.065973,0.009774,-0.018479
-0.043982,0.014661,-0.020311
-0.00901,0.000305,-0.008552
0.023976,-0.014661,-0.005651
0.059407,-0.009468,-0.004123
0.059865,0.010232,0.001527
0.047037,0.033903,-0.001069
0.029627,0.037415,0.004887
0.008247,0.043524,0.003207
0.016646,0.030391,-0.000458
0.021228,0.02474,-0.000916
0.024282,0.016646,-0.002749
0.010996,0.014661,-0.008399
-0.003818,0.005498,-0.008094
-0.008399,-0.007636,0.0
-0.006872,-0.003971,0.007636
0.006567,0.001527,0.014813
0.01069,-0.004123,0.021075
0.013592,-0.009468,0.022297
0.014508,-0.021533,0.009774
0.015272,-0.009621,0.002596
-0.010537,0.013744,-0.010843
-0.018173,0.045662,-0.008247
-0.032834,0.053451,-0.000305
-0.026114,0.042455,-0.000764
-0.008858,0.012065,-0.002596
0.01405,-0.003512,-0.003207
0.01909,-0.005498,-0.004734
0.023518,0.008858,-0.011912
0.012065,0.030696,-0.026573
0.001527,0.045051,-0.031154
0.000764,0.042761,-0.032987
0.008247,0.018784,-0.025809
0.017868,0.007789,-0.01573
0.029169,-0.003818,-0.018784
0.035736,-0.014355,-0.014661
0.035583,-0.014508,-0.018631
0.020769,0.001069,-0.010232
0.010079,-0.007025,-0.007178
0.002902,-0.022907,0.003512
-0.000458,-0.048411,0.002596
-0.018937,-0.038485,0.00168
-0.033292,-0.036499,0.006872
-0.050244,-0.026725,0.0
-0.043219,-0.034972,-0.007636
-0.041081,-0.028711,-0.007789
-0.03711,-0.031918,-0.011912
-0.030696,-0.02138,-0.025198
-0.019395,0.015882,-0.027947
-0.004429,0.050702,-0.01741
0.018326,0.05452,-0.021838
0.03207,0.057421,-0.019548
0.041844,0.058338,-0.011454
0.05116,0.062156,-0.008399
0.055131,0.068722,-0.008552
0.060323,0.067653,-0.002596
0.065057,0.071319,0.003512
0.062614,0.071166,-0.003054
0.063225,0.060323,-0.010232
0.058643,0.041386,-0.010385
0.051465,0.028863,-0.009927
0.036805,0.002596,-0.015424
0.030543,-0.019395,-0.00901
0.017257,-0.052229,-0.004276
0.001833,-0.060934,-0.004581
-0.029627,-0.04383,-0.002749
-0.046426,-0.025351,0.0
-0.04383,-0.010079,-0.000764
-0.032223,-0.002749,-0.004734
-0.021991,-0.003054,0.000764
-0.011759,0.002443,0.016952
